<?xml version="1.0" encoding="UTF-8"?>
<!--SCORM 1.2 Content Package document generated by HotPotatoes: Masher Version 6.3 Release 0 Build 3.-->
<manifest xmlns="http://www.imsproject.org/xsd/imscp_rootv1p1p2" xmlns:imsmd="http://www.imsglobal.org/xsd/imsmd_rootv1p2p1" xmlns:xsi="http://www.w3.org/2001/XMLSchema-instance" xmlns:adlcp="http://www.adlnet.org/xsd/adlcp_rootv1p2" identifier="MANIFEST-5197A65E-665C-4918-A496-C2EE5E538DC0" xsi:schemaLocation="http://www.imsproject.org/xsd/imscp_rootv1p1p2 imscp_rootv1p1p2.xsd http://www.imsglobal.org/xsd/imsmd_rootv1p2p1 imsmd_rootv1p2p1.xsd http://www.adlnet.org/xsd/adlcp_rootv1p2 adlcp_rootv1p2.xsd">
  <metadata>
    <imsmd:lom>
      <imsmd:general>
        <imsmd:identifier />
        <imsmd:title>
          <imsmd:langstring xml:lang="en"></imsmd:langstring>
        </imsmd:title>
      </imsmd:general>
    </imsmd:lom>
  </metadata>
  <organizations default="ORG-10393197-EC7A-414C-A509-C2ED45C00096">
    <organization identifier="ORG-10393197-EC7A-414C-A509-C2ED45C00096" structure="hierarchical">
      <title>Organization</title>
      <item identifier="ITEM-19E30811-4450-4467-9367-B5B0E5E1B0EB" identifierref="RES-68914F81-3070-4BC8-8C55-5F69FAE8C138" isvisible="true">
        <title></title>
		
      </item><item identifier="ITEM-1ADA549C-0EDE-481C-984A-6E83473FC61E" identifierref="RES-8876B649-D22E-4694-AC24-B7346951D984" isvisible="true">
        <title>Algoritmos de Kruskal e Borukva</title>
		
      </item>
    </organization>
  </organizations>
  <resources>
    <resource identifier="RES-68914F81-3070-4BC8-8C55-5F69FAE8C138" type="webcontent" adlcp:scormtype="asset" href="index.htm">
      <file href="index.htm" />
	  
    </resource><resource identifier="RES-8876B649-D22E-4694-AC24-B7346951D984" type="webcontent" adlcp:scormtype="sco" href="Grafos_Kruskal_Borukva.htm">
      <file href="Grafos_Kruskal_Borukva.htm" />
	  
    </resource>
	
  </resources>
</manifest>

