<?xml version="1.0" encoding="UTF-8"?>
<!--SCORM 1.2 Content Package document generated by HotPotatoes: Masher Version 6.3 Release 0 Build 3.-->
<manifest xmlns="http://www.imsproject.org/xsd/imscp_rootv1p1p2" xmlns:imsmd="http://www.imsglobal.org/xsd/imsmd_rootv1p2p1" xmlns:xsi="http://www.w3.org/2001/XMLSchema-instance" xmlns:adlcp="http://www.adlnet.org/xsd/adlcp_rootv1p2" identifier="MANIFEST-34D019BF-EAF6-4832-8CEA-F81BF4782513" xsi:schemaLocation="http://www.imsproject.org/xsd/imscp_rootv1p1p2 imscp_rootv1p1p2.xsd http://www.imsglobal.org/xsd/imsmd_rootv1p2p1 imsmd_rootv1p2p1.xsd http://www.adlnet.org/xsd/adlcp_rootv1p2 adlcp_rootv1p2.xsd">
  <metadata>
    <imsmd:lom>
      <imsmd:general>
        <imsmd:identifier />
        <imsmd:title>
          <imsmd:langstring xml:lang="en"></imsmd:langstring>
        </imsmd:title>
      </imsmd:general>
    </imsmd:lom>
  </metadata>
  <organizations default="ORG-541360CB-76D1-4231-81A9-BDF403115B95">
    <organization identifier="ORG-541360CB-76D1-4231-81A9-BDF403115B95" structure="hierarchical">
      <title>Organization</title>
      <item identifier="ITEM-92BED824-81FA-4CC6-81CF-F0EDD8C1EA3D" identifierref="RES-68E72A0C-0FDB-4BA5-B3C8-A701816E925B" isvisible="true">
        <title></title>
		
      </item><item identifier="ITEM-0752336B-8EB1-47E7-8581-8807FBB958DB" identifierref="RES-69EF6C55-C870-4872-89D3-27CC80C75164" isvisible="true">
        <title>Conceitos Gerais de Grafos</title>
		
      </item>
    </organization>
  </organizations>
  <resources>
    <resource identifier="RES-68E72A0C-0FDB-4BA5-B3C8-A701816E925B" type="webcontent" adlcp:scormtype="asset" href="index.htm">
      <file href="index.htm" />
	  
    </resource><resource identifier="RES-69EF6C55-C870-4872-89D3-27CC80C75164" type="webcontent" adlcp:scormtype="sco" href="Grafos_Conceitos_Basicos.htm">
      <file href="Grafos_Conceitos_Basicos.htm" />
	  
    </resource>
	
  </resources>
</manifest>

