<?xml version="1.0" encoding="UTF-8"?>
<!--SCORM 1.2 Content Package document generated by HotPotatoes: Masher Version 7.0 Release 1 Build 0.-->
<manifest xmlns="http://www.imsproject.org/xsd/imscp_rootv1p1p2" xmlns:imsmd="http://www.imsglobal.org/xsd/imsmd_rootv1p2p1" xmlns:xsi="http://www.w3.org/2001/XMLSchema-instance" xmlns:adlcp="http://www.adlnet.org/xsd/adlcp_rootv1p2" identifier="MANIFEST-9B25FDFA-62EF-45BE-A8D8-B1E10A499348" xsi:schemaLocation="http://www.imsproject.org/xsd/imscp_rootv1p1p2 imscp_rootv1p1p2.xsd http://www.imsglobal.org/xsd/imsmd_rootv1p2p1 imsmd_rootv1p2p1.xsd http://www.adlnet.org/xsd/adlcp_rootv1p2 adlcp_rootv1p2.xsd">
  <metadata>
    <imsmd:lom>
      <imsmd:general>
        <imsmd:identifier />
        <imsmd:title>
          <imsmd:langstring xml:lang="en"></imsmd:langstring>
        </imsmd:title>
      </imsmd:general>
    </imsmd:lom>
  </metadata>
  <organizations default="ORG-50C5C334-2FFD-4684-AF32-B91BC007DDD4">
    <organization identifier="ORG-50C5C334-2FFD-4684-AF32-B91BC007DDD4" structure="hierarchical">
      <title>Organization</title>
      <item identifier="ITEM-654D329E-CE07-4BFD-B0FB-0888D938AF97" identifierref="RES-3BEBDDD1-C6AE-4ABF-9125-000F61B82515" isvisible="true">
        <title></title>
		
      </item><item identifier="ITEM-9DA0BDCD-E0DF-4E30-8E32-853D84A52D69" identifierref="RES-610AE937-36BB-4EF1-A6DC-DAC1BAA72E63" isvisible="true">
        <title>Colora&#x00E7;&#x00E3;o e Biparti&#x00E7;&#x00E3;o de Grafos</title>
		
      </item>
    </organization>
  </organizations>
  <resources>
    <resource identifier="RES-3BEBDDD1-C6AE-4ABF-9125-000F61B82515" type="webcontent" adlcp:scormtype="asset" href="index.htm">
      <file href="index.htm" />
	  
    </resource><resource identifier="RES-610AE937-36BB-4EF1-A6DC-DAC1BAA72E63" type="webcontent" adlcp:scormtype="sco" href="EduardoLemos_170009157.htm">
      <file href="EduardoLemos_170009157.htm" />
	  
    </resource>
	
  </resources>
</manifest>

