<?xml version="1.0" encoding="UTF-8"?>
<!--SCORM 1.2 Content Package document generated by HotPotatoes: Masher Version 6.3 Release 0 Build 3.-->
<manifest xmlns="http://www.imsproject.org/xsd/imscp_rootv1p1p2" xmlns:imsmd="http://www.imsglobal.org/xsd/imsmd_rootv1p2p1" xmlns:xsi="http://www.w3.org/2001/XMLSchema-instance" xmlns:adlcp="http://www.adlnet.org/xsd/adlcp_rootv1p2" identifier="MANIFEST-AFBD6668-C916-4091-ADAA-D1846796EED0" xsi:schemaLocation="http://www.imsproject.org/xsd/imscp_rootv1p1p2 imscp_rootv1p1p2.xsd http://www.imsglobal.org/xsd/imsmd_rootv1p2p1 imsmd_rootv1p2p1.xsd http://www.adlnet.org/xsd/adlcp_rootv1p2 adlcp_rootv1p2.xsd">
  <metadata>
    <imsmd:lom>
      <imsmd:general>
        <imsmd:identifier />
        <imsmd:title>
          <imsmd:langstring xml:lang="en"></imsmd:langstring>
        </imsmd:title>
      </imsmd:general>
    </imsmd:lom>
  </metadata>
  <organizations default="ORG-D49ABA91-70BE-47CE-B319-7D0082B5841C">
    <organization identifier="ORG-D49ABA91-70BE-47CE-B319-7D0082B5841C" structure="hierarchical">
      <title>Organization</title>
      <item identifier="ITEM-236CEC4D-02E9-40B8-BA19-0548178A89E1" identifierref="RES-018DE88C-62FD-4312-B94F-34A23685D644" isvisible="true">
        <title></title>
		
      </item><item identifier="ITEM-AD9565A5-AA01-494F-B257-BE736C543A7E" identifierref="RES-55A4A238-5844-427E-8514-F3FAB16CF313" isvisible="true">
        <title>Algoritmos de Tarjan e Kosaraju</title>
		
      </item>
    </organization>
  </organizations>
  <resources>
    <resource identifier="RES-018DE88C-62FD-4312-B94F-34A23685D644" type="webcontent" adlcp:scormtype="asset" href="index.htm">
      <file href="index.htm" />
	  
    </resource><resource identifier="RES-55A4A238-5844-427E-8514-F3FAB16CF313" type="webcontent" adlcp:scormtype="sco" href="Grafos_Tarjan_Kosaraju.htm">
      <file href="Grafos_Tarjan_Kosaraju.htm" />
	  
    </resource>
	
  </resources>
</manifest>

