<?xml version="1.0" encoding="UTF-8"?>
<!--SCORM 1.2 Content Package document generated by HotPotatoes: Masher Version 6.3 Release 0 Build 5.-->
<manifest xmlns="http://www.imsproject.org/xsd/imscp_rootv1p1p2" xmlns:imsmd="http://www.imsglobal.org/xsd/imsmd_rootv1p2p1" xmlns:xsi="http://www.w3.org/2001/XMLSchema-instance" xmlns:adlcp="http://www.adlnet.org/xsd/adlcp_rootv1p2" identifier="MANIFEST-AE67689A-ACE8-44B4-BE62-F80536BFD798" xsi:schemaLocation="http://www.imsproject.org/xsd/imscp_rootv1p1p2 imscp_rootv1p1p2.xsd http://www.imsglobal.org/xsd/imsmd_rootv1p2p1 imsmd_rootv1p2p1.xsd http://www.adlnet.org/xsd/adlcp_rootv1p2 adlcp_rootv1p2.xsd">
  <metadata>
    <imsmd:lom>
      <imsmd:general>
        <imsmd:identifier />
        <imsmd:title>
          <imsmd:langstring xml:lang="en"></imsmd:langstring>
        </imsmd:title>
      </imsmd:general>
    </imsmd:lom>
  </metadata>
  <organizations default="ORG-D0D06E88-0106-4765-8A09-0D8A4798D390">
    <organization identifier="ORG-D0D06E88-0106-4765-8A09-0D8A4798D390" structure="hierarchical">
      <title>Organization</title>
      <item identifier="ITEM-7329B1A2-F351-4A1D-939C-3369FCE3C0D5" identifierref="RES-FA0998F9-BFC7-4505-894F-4A3E5570EC8D" isvisible="true">
        <title></title>
		
      </item><item identifier="ITEM-DF13A963-3D8D-4D23-9DA3-0B159286D750" identifierref="RES-4EA48FAF-56D9-49F5-B4E3-0EA9BAED31A2" isvisible="true">
        <title>Algoritmos de Kruskal e Borukva</title>
		
      </item>
    </organization>
  </organizations>
  <resources>
    <resource identifier="RES-FA0998F9-BFC7-4505-894F-4A3E5570EC8D" type="webcontent" adlcp:scormtype="asset" href="index.htm">
      <file href="index.htm" />
	  
    </resource><resource identifier="RES-4EA48FAF-56D9-49F5-B4E3-0EA9BAED31A2" type="webcontent" adlcp:scormtype="sco" href="Andre_Kruskal.htm">
      <file href="Andre_Kruskal.htm" />
	  
    </resource>
	
  </resources>
</manifest>

