<?xml version="1.0" encoding="UTF-8"?>
<!--SCORM 1.2 Content Package document generated by HotPotatoes: Masher Version 6.3 Release 0 Build 3.-->
<manifest xmlns="http://www.imsproject.org/xsd/imscp_rootv1p1p2" xmlns:imsmd="http://www.imsglobal.org/xsd/imsmd_rootv1p2p1" xmlns:xsi="http://www.w3.org/2001/XMLSchema-instance" xmlns:adlcp="http://www.adlnet.org/xsd/adlcp_rootv1p2" identifier="MANIFEST-AF8D4736-40CE-4989-9851-F6D6718A2396" xsi:schemaLocation="http://www.imsproject.org/xsd/imscp_rootv1p1p2 imscp_rootv1p1p2.xsd http://www.imsglobal.org/xsd/imsmd_rootv1p2p1 imsmd_rootv1p2p1.xsd http://www.adlnet.org/xsd/adlcp_rootv1p2 adlcp_rootv1p2.xsd">
  <metadata>
    <imsmd:lom>
      <imsmd:general>
        <imsmd:identifier />
        <imsmd:title>
          <imsmd:langstring xml:lang="en"></imsmd:langstring>
        </imsmd:title>
      </imsmd:general>
    </imsmd:lom>
  </metadata>
  <organizations default="ORG-FBF2B3C2-8F35-4C4F-A52B-A18B4DA5BE51">
    <organization identifier="ORG-FBF2B3C2-8F35-4C4F-A52B-A18B4DA5BE51" structure="hierarchical">
      <title>Organization</title>
      <item identifier="ITEM-EFD3363D-2DF8-41FC-B48F-B5BCB5AC39EF" identifierref="RES-847BAB6C-3730-44B0-AEDB-C9182366B8D7" isvisible="true">
        <title></title>
		
      </item><item identifier="ITEM-D5C7CF8A-6723-4340-8B09-1E9CC0B5A2CA" identifierref="RES-C8B51A97-E470-430D-BFAA-3E4A11C24129" isvisible="true">
        <title>Colora&#x00E7;&#x00E3;o e Biparti&#x00E7;&#x00E3;o de Grafos</title>
		
      </item>
    </organization>
  </organizations>
  <resources>
    <resource identifier="RES-847BAB6C-3730-44B0-AEDB-C9182366B8D7" type="webcontent" adlcp:scormtype="asset" href="index.htm">
      <file href="index.htm" />
	  
    </resource><resource identifier="RES-C8B51A97-E470-430D-BFAA-3E4A11C24129" type="webcontent" adlcp:scormtype="sco" href="Grafos_Coloracao_Biparticao.htm">
      <file href="Grafos_Coloracao_Biparticao.htm" />
	  
    </resource>
	
  </resources>
</manifest>

