<?xml version="1.0" encoding="UTF-8"?>
<!--SCORM 1.2 Content Package document generated by HotPotatoes: Masher Version 6.3 Release 0 Build 3.-->
<manifest xmlns="http://www.imsproject.org/xsd/imscp_rootv1p1p2" xmlns:imsmd="http://www.imsglobal.org/xsd/imsmd_rootv1p2p1" xmlns:xsi="http://www.w3.org/2001/XMLSchema-instance" xmlns:adlcp="http://www.adlnet.org/xsd/adlcp_rootv1p2" identifier="MANIFEST-0DD19E7E-2B1B-4D05-A82D-96D3458BDF24" xsi:schemaLocation="http://www.imsproject.org/xsd/imscp_rootv1p1p2 imscp_rootv1p1p2.xsd http://www.imsglobal.org/xsd/imsmd_rootv1p2p1 imsmd_rootv1p2p1.xsd http://www.adlnet.org/xsd/adlcp_rootv1p2 adlcp_rootv1p2.xsd">
  <metadata>
    <imsmd:lom>
      <imsmd:general>
        <imsmd:identifier />
        <imsmd:title>
          <imsmd:langstring xml:lang="en"></imsmd:langstring>
        </imsmd:title>
      </imsmd:general>
    </imsmd:lom>
  </metadata>
  <organizations default="ORG-FFF3BB68-73A3-4E0A-BF62-48A54F010D03">
    <organization identifier="ORG-FFF3BB68-73A3-4E0A-BF62-48A54F010D03" structure="hierarchical">
      <title>Organization</title>
      <item identifier="ITEM-30DA27AF-DFFA-47D7-9B26-1E908C2DA0BC" identifierref="RES-0ADFA9C7-DA7E-4F39-837E-BC064B25D482" isvisible="true">
        <title></title>
		
      </item><item identifier="ITEM-88DF86C2-CA26-43CA-A58C-AD1C6616F9F9" identifierref="RES-AAB04C6F-5CDE-49CB-934E-16D33D3B2F79" isvisible="true">
        <title>Algoritmos de Prim, Busca DFS e Busca BFS</title>
		
      </item>
    </organization>
  </organizations>
  <resources>
    <resource identifier="RES-0ADFA9C7-DA7E-4F39-837E-BC064B25D482" type="webcontent" adlcp:scormtype="asset" href="index.htm">
      <file href="index.htm" />
	  
    </resource><resource identifier="RES-AAB04C6F-5CDE-49CB-934E-16D33D3B2F79" type="webcontent" adlcp:scormtype="sco" href="Grafos_Prim_Busca_DFS_Busca_BFS.htm">
      <file href="Grafos_Prim_Busca_DFS_Busca_BFS.htm" />
	  
    </resource>
	
  </resources>
</manifest>

