<?xml version="1.0" encoding="UTF-8"?>
<!--SCORM 1.2 Content Package document generated by HotPotatoes: Masher Version 6.3 Release 0 Build 3.-->
<manifest xmlns="http://www.imsproject.org/xsd/imscp_rootv1p1p2" xmlns:imsmd="http://www.imsglobal.org/xsd/imsmd_rootv1p2p1" xmlns:xsi="http://www.w3.org/2001/XMLSchema-instance" xmlns:adlcp="http://www.adlnet.org/xsd/adlcp_rootv1p2" identifier="MANIFEST-F6F3FCE1-DCB3-4109-9E1C-7B7D4D23759A" xsi:schemaLocation="http://www.imsproject.org/xsd/imscp_rootv1p1p2 imscp_rootv1p1p2.xsd http://www.imsglobal.org/xsd/imsmd_rootv1p2p1 imsmd_rootv1p2p1.xsd http://www.adlnet.org/xsd/adlcp_rootv1p2 adlcp_rootv1p2.xsd">
  <metadata>
    <imsmd:lom>
      <imsmd:general>
        <imsmd:identifier />
        <imsmd:title>
          <imsmd:langstring xml:lang="en"></imsmd:langstring>
        </imsmd:title>
      </imsmd:general>
    </imsmd:lom>
  </metadata>
  <organizations default="ORG-6E3D5EDF-8B4E-43FA-9CCC-3484FC4A54B0">
    <organization identifier="ORG-6E3D5EDF-8B4E-43FA-9CCC-3484FC4A54B0" structure="hierarchical">
      <title>Organization</title>
      <item identifier="ITEM-FED2775A-DB53-4C3E-B659-0EB4E9584522" identifierref="RES-1EA1F1B3-8865-47A3-B91A-617B2D6CCA9F" isvisible="true">
        <title></title>
		
      </item><item identifier="ITEM-2663DF8B-A8FB-488E-AADD-E0C4100596E8" identifierref="RES-CB0D0009-2536-4763-AFBD-D0CDA772B21E" isvisible="true">
        <title>Conceitos Gerais de Grafos</title>
		
      </item><item identifier="ITEM-E7081063-57BF-422E-A69B-35E5FA7329F8" identifierref="RES-13C89783-8F0E-4344-B519-D3057F7A2B34" isvisible="true">
        <title>Algoritmos de Prim, Busca DFS e Busca BFS</title>
		
      </item><item identifier="ITEM-F66334CE-E416-4BAB-B0E9-EFA07BEEA58E" identifierref="RES-E384D73E-D2F5-4633-B401-41E6C4976B78" isvisible="true">
        <title>Colora&#x00E7;&#x00E3;o e Biparti&#x00E7;&#x00E3;o de Grafos</title>
		
      </item><item identifier="ITEM-3D5C136D-6214-45AB-A698-AEB55AC63BE2" identifierref="RES-B8E3457C-BA35-47A9-B649-1AFB5E6BA387" isvisible="true">
        <title>Algoritmos de Kruskal e Borukva</title>
		
      </item><item identifier="ITEM-7065647A-DC4E-4C51-A661-1C5F525B58D3" identifierref="RES-C08838A3-A7A9-451E-9FE6-CF95AC7F4DFB" isvisible="true">
        <title>Algoritmos de Dijkstra e Bellman-Ford</title>
		
      </item><item identifier="ITEM-74384DFF-F8A8-4E01-8E71-5C2C04DE31FE" identifierref="RES-777B9823-40B6-40B8-8237-3EB61B67EF2E" isvisible="true">
        <title>Algoritmos de Tarjan e Kosaraju</title>
		
      </item>
    </organization>
  </organizations>
  <resources>
    <resource identifier="RES-1EA1F1B3-8865-47A3-B91A-617B2D6CCA9F" type="webcontent" adlcp:scormtype="asset" href="index.htm">
      <file href="index.htm" />
	  
    </resource><resource identifier="RES-CB0D0009-2536-4763-AFBD-D0CDA772B21E" type="webcontent" adlcp:scormtype="sco" href="Grafos_Conceitos_Basicos.htm">
      <file href="Grafos_Conceitos_Basicos.htm" />
	  
    </resource><resource identifier="RES-13C89783-8F0E-4344-B519-D3057F7A2B34" type="webcontent" adlcp:scormtype="sco" href="Grafos_Prim_Busca_DFS_Busca_BFS.htm">
      <file href="Grafos_Prim_Busca_DFS_Busca_BFS.htm" />
	  
    </resource><resource identifier="RES-E384D73E-D2F5-4633-B401-41E6C4976B78" type="webcontent" adlcp:scormtype="sco" href="Grafos_Coloracao_Biparticao.htm">
      <file href="Grafos_Coloracao_Biparticao.htm" />
	  
    </resource><resource identifier="RES-B8E3457C-BA35-47A9-B649-1AFB5E6BA387" type="webcontent" adlcp:scormtype="sco" href="Grafos_Kruskal_Borukva.htm">
      <file href="Grafos_Kruskal_Borukva.htm" />
	  
    </resource><resource identifier="RES-C08838A3-A7A9-451E-9FE6-CF95AC7F4DFB" type="webcontent" adlcp:scormtype="sco" href="Grafos_Dijkstra_Bellman_Ford.htm">
      <file href="Grafos_Dijkstra_Bellman_Ford.htm" />
	  
    </resource><resource identifier="RES-777B9823-40B6-40B8-8237-3EB61B67EF2E" type="webcontent" adlcp:scormtype="sco" href="Grafos_Tarjan_Kosaraju.htm">
      <file href="Grafos_Tarjan_Kosaraju.htm" />
	  
    </resource>
	
  </resources>
</manifest>

